{
  "main": {
    "id": "5348ce187bdc1ca7",
    "type": "split",
    "children": [
      {
        "id": "9449dcb45ab095fc",
        "type": "tabs",
        "children": [
          {
            "id": "7caf3c63ab03d62e",
            "type": "leaf",
            "state": {
              "type": "markdown",
              "state": {
                "file": "7 - Projects/---KitchenPantry CRM 7-7-25---/Site Map/Home Page/Kanban Style Pipeline.md",
                "mode": "source",
                "source": false
              },
              "icon": "lucide-file",
              "title": "Kanban Style Pipeline"
            }
          }
        ]
      }
    ],
    "direction": "vertical"
  },
  "left": {
    "id": "3ceabf5d95c2f46d",
    "type": "split",
    "children": [
      {
        "id": "3825d19c17fa0372",
        "type": "tabs",
        "children": [
          {
            "id": "f7bfc7afc47490b8",
            "type": "leaf",
            "state": {
              "type": "file-explorer",
              "state": {
                "sortOrder": "alphabetical",
                "autoReveal": true
              },
              "icon": "lucide-folder-closed",
              "title": "Files"
            }
          },
          {
            "id": "e3d3afac55a86486",
            "type": "leaf",
            "state": {
              "type": "search",
              "state": {
                "query": "kaban",
                "matchingCase": false,
                "explainSearch": false,
                "collapseAll": false,
                "extraContext": false,
                "sortOrder": "alphabetical"
              },
              "icon": "lucide-search",
              "title": "Search"
            }
          },
          {
            "id": "69f8e2c7eb3b755b",
            "type": "leaf",
            "state": {
              "type": "bookmarks",
              "state": {},
              "icon": "lucide-bookmark",
              "title": "Bookmarks"
            }
          }
        ]
      }
    ],
    "direction": "horizontal",
    "width": 208.01487731933594
  },
  "right": {
    "id": "ed6c79baa265e16f",
    "type": "split",
    "children": [
      {
        "id": "a5578ce05bf1487f",
        "type": "tabs",
        "children": [
          {
            "id": "01b6a19ac8886520",
            "type": "leaf",
            "state": {
              "type": "backlink",
              "state": {
                "file": "Daily Notes/Nov  01, 2024.md",
                "collapseAll": false,
                "extraContext": false,
                "sortOrder": "alphabetical",
                "showSearch": false,
                "searchQuery": "",
                "backlinkCollapsed": false,
                "unlinkedCollapsed": true
              },
              "icon": "links-coming-in",
              "title": "Backlinks for Nov  01, 2024"
            }
          },
          {
            "id": "1ae00e2819918f52",
            "type": "leaf",
            "state": {
              "type": "outgoing-link",
              "state": {
                "file": "Daily Notes/Nov  01, 2024.md",
                "linksCollapsed": false,
                "unlinkedCollapsed": false
              },
              "icon": "links-going-out",
              "title": "Outgoing links from Nov  01, 2024"
            }
          },
          {
            "id": "9a2270a70c18e6cc",
            "type": "leaf",
            "state": {
              "type": "tag",
              "state": {
                "sortOrder": "frequency",
                "useHierarchy": true
              },
              "icon": "lucide-tags",
              "title": "Tags"
            }
          },
          {
            "id": "5469d37cdeb0d0dc",
            "type": "leaf",
            "state": {
              "type": "outline",
              "state": {
                "file": "Untitled 1.md",
                "followCursor": false,
                "showSearch": false,
                "searchQuery": ""
              },
              "icon": "lucide-list",
              "title": "Outline of Untitled 1"
            }
          },
          {
            "id": "2004de583d5d6ee5",
            "type": "leaf",
            "state": {
              "type": "markdown",
              "state": {
                "file": "Daily Notes/Dec  05, 2024.md",
                "mode": "source",
                "source": true
              },
              "icon": "lucide-file",
              "title": "Dec  05, 2024"
            }
          },
          {
            "id": "cfe0bd69884e684f",
            "type": "leaf",
            "state": {
              "type": "git-view",
              "state": {},
              "icon": "git-pull-request",
              "title": "Source Control"
            }
          }
        ],
        "currentTab": 5
      }
    ],
    "direction": "horizontal",
    "width": 417,
    "collapsed": true
  },
  "left-ribbon": {
    "hiddenItems": {
      "switcher:Open quick switcher": false,
      "graph:Open graph view": false,
      "canvas:Create new canvas": false,
      "daily-notes:Open today's daily note": false,
      "templates:Insert template": false,
      "command-palette:Open command palette": false,
      "markdown-importer:Open format converter": false,
      "templater-obsidian:Templater": false,
      "obsidian-git:Open Git source control": false,
      "obsidian-excalidraw-plugin:New drawing": false
    }
  },
  "active": "7caf3c63ab03d62e",
  "lastOpenFiles": [
    "6 - Full Notes/MCP/install packages Globally for MCP.md",
    "6 - Full Notes/MCP/Installing MCP in Claude Code.md",
    "6 - Full Notes/MCP/-MCP Server Quick Reference Notes-.md",
    "6 - Full Notes/MCP/MCP TOOLS/knowledge-graph.md",
    "7 - Projects/---KitchenPantry CRM 7-7-25---/Site Map/Home Page/Misc..md",
    "7 - Projects/---KitchenPantry CRM 7-7-25---/Site Map/Home Page/Kanban Style Pipeline.md",
    "7 - Projects/---KitchenPantry CRM 7-7-25---/Site Map/Home Page/Design System Analysis - Dashboard.md",
    "7 - Projects/---KitchenPantry CRM 7-7-25---/Site Map/Home Page/Home Page.md",
    "6 - Full Notes/Coding Rules & Guidelines/UI/Design Principles to Follow.md",
    "7 - Projects/---KitchenPantry CRM 7-7-25---/Site Map/Home Page",
    "7 - Projects/ForkFlow/File Structure/SIte Map/Opportunities Page.md",
    "7 - Projects/ForkFlow/File Structure/SIte Map/Organization Page.md",
    "7 - Projects/ForkFlow/File Structure/SIte Map/Reports Page.md",
    "7 - Projects/ForkFlow/File Structure/SIte Map/Product Page.md",
    "7 - Projects/ForkFlow/File Structure/SIte Map/Home Page.md",
    "6 - Full Notes/Claude-Code/MCP.md",
    "6 - Full Notes/Claude-Code/MCP-Help.md",
    "6 - Full Notes/Claude-Code/CheatSheet.md",
    "Daily Notes/Jul  14, 2025.md",
    "7 - Projects/---KitchenPantry CRM 7-7-25---/Walk-Through Reveiws/Review 7-13-2025.md",
    "6 - Full Notes/Coding Rules & Guidelines/UI",
    "6 - Full Notes/Coding Rules & Guidelines",
    "Daily Notes/Jul  13, 2025.md",
    "7 - Projects/---KitchenPantry CRM 7-7-25---/Principals.md",
    "7 - Projects/---KitchenPantry CRM 7-7-25---/Walk-Through Reveiws",
    "6 - Full Notes/MCP/MCP TOOLS",
    "5 -Templates/Index.md",
    "6 - Full Notes/MCP",
    "5 -Templates/Workflow Templates/Weekly Review.md.md",
    "5 -Templates/Workflow Templates/Debug Session.md.md",
    "5 -Templates/Workflow Templates/Daily Planning.md.md",
    "5 -Templates/Workflow Templates/Concept Capture.md.md",
    "7 - Projects/---KitchenPantry CRM 7-7-25---/Site Map/Organization Page",
    "6 - Full Notes/Claude-Code/Prompt",
    "6 - Full Notes/Context Engineering/Rules",
    "6 - Full Notes/Context Engineering/Docs",
    "2 - Source Material/Meta/Attachments/Pasted image 20250709091917.png",
    "2 - Source Material/Meta/Attachments/Pasted image 20250629170227.png",
    "2 - Source Material/Meta/Attachments/Pasted image 20250629164136.png",
    "2 - Source Material/Meta/Attachments/strwinclt_7t6kBpRMML.png",
    "2 - Source Material/Meta/Attachments/python_NDsuUUY0Yd.png",
    "2 - Source Material/Meta/Attachments/python_APSd85st22.png",
    "2 - Source Material/Meta/Attachments/mstsc_yYwldnjsES.png",
    "2 - Source Material/Meta/Attachments/mstsc_pqXWyeEwL1.png",
    "2 - Source Material/Meta/Attachments/Pasted image 20250523174845.png",
    "2 - Source Material/Meta/Attachments/Pasted image 20250521054605.png",
    "Untitled.canvas",
    "Untitled 1.canvas",
    "6 - Full Notes/Untitled.canvas"
  ]
}